reviewer,hazard,view,window,answer,correct,status
R1,spikes,South-east,1280x720,,,UNVERIFIED
R1,spikes,South-west,1280x720,,,UNVERIFIED
R1,spikes,North-west,1280x720,,,UNVERIFIED
R1,spikes,North-east,1280x720,,,UNVERIFIED
R1,saw,South-east,1280x720,,,UNVERIFIED
R1,saw,South-west,1280x720,,,UNVERIFIED
R1,saw,North-west,1280x720,,,UNVERIFIED
R1,saw,North-east,1280x720,,,UNVERIFIED
R1,anvil,South-east,1280x720,,,UNVERIFIED
R1,anvil,South-west,1280x720,,,UNVERIFIED
R1,anvil,North-west,1280x720,,,UNVERIFIED
R1,anvil,North-east,1280x720,,,UNVERIFIED
R2,spikes,South-east,1280x720,,,UNVERIFIED
R2,spikes,South-west,1280x720,,,UNVERIFIED
R2,spikes,North-west,1280x720,,,UNVERIFIED
R2,spikes,North-east,1280x720,,,UNVERIFIED
R2,saw,South-east,1280x720,,,UNVERIFIED
R2,saw,South-west,1280x720,,,UNVERIFIED
R2,saw,North-west,1280x720,,,UNVERIFIED
R2,saw,North-east,1280x720,,,UNVERIFIED
R2,anvil,South-east,1280x720,,,UNVERIFIED
R2,anvil,South-west,1280x720,,,UNVERIFIED
R2,anvil,North-west,1280x720,,,UNVERIFIED
R2,anvil,North-east,1280x720,,,UNVERIFIED
R3,spikes,South-east,1280x720,,,UNVERIFIED
R3,spikes,South-west,1280x720,,,UNVERIFIED
R3,spikes,North-west,1280x720,,,UNVERIFIED
R3,spikes,North-east,1280x720,,,UNVERIFIED
R3,saw,South-east,1280x720,,,UNVERIFIED
R3,saw,South-west,1280x720,,,UNVERIFIED
R3,saw,North-west,1280x720,,,UNVERIFIED
R3,saw,North-east,1280x720,,,UNVERIFIED
R3,anvil,South-east,1280x720,,,UNVERIFIED
R3,anvil,South-west,1280x720,,,UNVERIFIED
R3,anvil,North-west,1280x720,,,UNVERIFIED
R3,anvil,North-east,1280x720,,,UNVERIFIED
R4,spikes,South-east,1280x720,,,UNVERIFIED
R4,spikes,South-west,1280x720,,,UNVERIFIED
R4,spikes,North-west,1280x720,,,UNVERIFIED
R4,spikes,North-east,1280x720,,,UNVERIFIED
R4,saw,South-east,1280x720,,,UNVERIFIED
R4,saw,South-west,1280x720,,,UNVERIFIED
R4,saw,North-west,1280x720,,,UNVERIFIED
R4,saw,North-east,1280x720,,,UNVERIFIED
R4,anvil,South-east,1280x720,,,UNVERIFIED
R4,anvil,South-west,1280x720,,,UNVERIFIED
R4,anvil,North-west,1280x720,,,UNVERIFIED
R4,anvil,North-east,1280x720,,,UNVERIFIED
R5,spikes,South-east,1280x720,,,UNVERIFIED
R5,spikes,South-west,1280x720,,,UNVERIFIED
R5,spikes,North-west,1280x720,,,UNVERIFIED
R5,spikes,North-east,1280x720,,,UNVERIFIED
R5,saw,South-east,1280x720,,,UNVERIFIED
R5,saw,South-west,1280x720,,,UNVERIFIED
R5,saw,North-west,1280x720,,,UNVERIFIED
R5,saw,North-east,1280x720,,,UNVERIFIED
R5,anvil,South-east,1280x720,,,UNVERIFIED
R5,anvil,South-west,1280x720,,,UNVERIFIED
R5,anvil,North-west,1280x720,,,UNVERIFIED
R5,anvil,North-east,1280x720,,,UNVERIFIED
