room,view,window,fresh,five_body,effects,defects,status
1,South-east,1280x720,,,,,UNVERIFIED
1,South-east,1920x1200,,,,,UNVERIFIED
1,South-east,1024x768,,,,,UNVERIFIED
1,South-west,1280x720,,,,,UNVERIFIED
1,South-west,1920x1200,,,,,UNVERIFIED
1,South-west,1024x768,,,,,UNVERIFIED
1,North-west,1280x720,,,,,UNVERIFIED
1,North-west,1920x1200,,,,,UNVERIFIED
1,North-west,1024x768,,,,,UNVERIFIED
1,North-east,1280x720,,,,,UNVERIFIED
1,North-east,1920x1200,,,,,UNVERIFIED
1,North-east,1024x768,,,,,UNVERIFIED
2,South-east,1280x720,,,,,UNVERIFIED
2,South-east,1920x1200,,,,,UNVERIFIED
2,South-east,1024x768,,,,,UNVERIFIED
2,South-west,1280x720,,,,,UNVERIFIED
2,South-west,1920x1200,,,,,UNVERIFIED
2,South-west,1024x768,,,,,UNVERIFIED
2,North-west,1280x720,,,,,UNVERIFIED
2,North-west,1920x1200,,,,,UNVERIFIED
2,North-west,1024x768,,,,,UNVERIFIED
2,North-east,1280x720,,,,,UNVERIFIED
2,North-east,1920x1200,,,,,UNVERIFIED
2,North-east,1024x768,,,,,UNVERIFIED
3,South-east,1280x720,,,,,UNVERIFIED
3,South-east,1920x1200,,,,,UNVERIFIED
3,South-east,1024x768,,,,,UNVERIFIED
3,South-west,1280x720,,,,,UNVERIFIED
3,South-west,1920x1200,,,,,UNVERIFIED
3,South-west,1024x768,,,,,UNVERIFIED
3,North-west,1280x720,,,,,UNVERIFIED
3,North-west,1920x1200,,,,,UNVERIFIED
3,North-west,1024x768,,,,,UNVERIFIED
3,North-east,1280x720,,,,,UNVERIFIED
3,North-east,1920x1200,,,,,UNVERIFIED
3,North-east,1024x768,,,,,UNVERIFIED
4,South-east,1280x720,,,,,UNVERIFIED
4,South-east,1920x1200,,,,,UNVERIFIED
4,South-east,1024x768,,,,,UNVERIFIED
4,South-west,1280x720,,,,,UNVERIFIED
4,South-west,1920x1200,,,,,UNVERIFIED
4,South-west,1024x768,,,,,UNVERIFIED
4,North-west,1280x720,,,,,UNVERIFIED
4,North-west,1920x1200,,,,,UNVERIFIED
4,North-west,1024x768,,,,,UNVERIFIED
4,North-east,1280x720,,,,,UNVERIFIED
4,North-east,1920x1200,,,,,UNVERIFIED
4,North-east,1024x768,,,,,UNVERIFIED
5,South-east,1280x720,,,,,UNVERIFIED
5,South-east,1920x1200,,,,,UNVERIFIED
5,South-east,1024x768,,,,,UNVERIFIED
5,South-west,1280x720,,,,,UNVERIFIED
5,South-west,1920x1200,,,,,UNVERIFIED
5,South-west,1024x768,,,,,UNVERIFIED
5,North-west,1280x720,,,,,UNVERIFIED
5,North-west,1920x1200,,,,,UNVERIFIED
5,North-west,1024x768,,,,,UNVERIFIED
5,North-east,1280x720,,,,,UNVERIFIED
5,North-east,1920x1200,,,,,UNVERIFIED
5,North-east,1024x768,,,,,UNVERIFIED
6,South-east,1280x720,,,,,UNVERIFIED
6,South-east,1920x1200,,,,,UNVERIFIED
6,South-east,1024x768,,,,,UNVERIFIED
6,South-west,1280x720,,,,,UNVERIFIED
6,South-west,1920x1200,,,,,UNVERIFIED
6,South-west,1024x768,,,,,UNVERIFIED
6,North-west,1280x720,,,,,UNVERIFIED
6,North-west,1920x1200,,,,,UNVERIFIED
6,North-west,1024x768,,,,,UNVERIFIED
6,North-east,1280x720,,,,,UNVERIFIED
6,North-east,1920x1200,,,,,UNVERIFIED
6,North-east,1024x768,,,,,UNVERIFIED
